{
  "name": "get_column",
  "abstract": "Dynamic column extraction from a record in PostgreSQL",
  "description": "Fetch a column value from a record by name, case-insensitive.",
  "version": "1.0.0",
  "maintainer": "Ajibewa Irekanmi <yourdevaji@gmail.com>",
  "license": {
    "PostgreSQL": "https://www.postgresql.org/about/licence"
  },
  "provides": {
    "get_column": {
      "file": "get_column--1.0.sql",
      "version": "1.0.0",
      "abstract": "Fetch a column value from a record by name"
    }
  },
  "tags": ["record", "dynamic", "utility", "column", "row", "extension"],
  "resources": {
    "homepage": "https://github.com/academix-admin/get_column",
    "repository": {
      "url": "https://github.com/academix-admin/get_column",
      "type": "git"
    },
    "bugtracker": {
      "web": "https://github.com/academix-admin/get_column/issues"
    }
  },
  "meta-spec": {
    "version": "1.0.0",
    "url": "https://pgxn.org/meta/spec.txt"
  }
}
